{"metrics":{"fold_0":12.786026192022126,"fold_1":11.868714034014321,"fold_2":12.272802266005224,"fold_3":12.056793657879393,"fold_4":12.658060425471637,"test":11.97135546585896},"training_log":{"fold_0":{"validation_0":{"rmse":[15.72261036813525,15.229701914420724,14.824370439354892,14.466857263880945,14.1905347914188,13.941987253097786,13.73652827079943,13.564955404685332,13.41137297788647,13.316144478549253,13.255521221224406,13.14446918009469,13.072969679465766,13.006140803648147,12.941374526998517,12.886229072841628,12.883701192618831,12.841108736242996,12.810141981552354,12.801871831215037,12.789216835710963,12.766202304977329,12.751594069805513,12.736642896941522,12.733872163877576,12.720791949326948,12.715987839450516,12.708741880881412,12.706915796883317,12.710890068267028,12.706083169491505,12.717535451800487,12.697360271220106,12.703435560441728,12.695632748842334,12.697586784572866,12.703129164834461,12.701288127413877,12.700157079158926,12.695874551463787,12.703503761907607,12.701381792093768,12.704210671765887,12.707065916082291,12.694501665282214,12.69774492370519,12.706698656311856,12.700538121617162,12.70074107822384,12.702367136123621,12.708960362520177,12.715015008531166,12.720507243617257,12.720971262091426,12.722521180039521,12.720719734909055,12.71565322968343,12.719015174418194,12.71533610853909,12.711732278003195,12.721159938870306,12.715838730425215,12.712042270497873,12.707876450008264,12.70287215404251,12.709578605464063,12.716107258334112,12.722738426242843,12.730762070814245,12.727266173003793,12.72491656492771,12.728918093688389,12.727511921230215,12.729239392864367,12.734964416239482,12.730973324202635,12.729017826143814,12.729157370014407,12.734638560264107,12.737553663058215,12.74325536378531,12.741780995161172,12.741124991808599,12.747923588092679,12.74276637671075,12.756240301352344,12.760033206912631,12.758600409051288,12.762820007653827,12.766795671133002,12.76043271809125,12.759434988039569,12.766048966482535,12.77072660009156,12.782780323433126,12.783893356147344,12.791354332469426,12.788594375872703,12.782926824041098,12.786026221753046]}},"fold_1":{"validation_0":{"rmse":[15.794206192216752,15.209198408708788,14.726501591984125,14.302411844980012,13.95632093937522,13.660318236122299,13.396786433507492,13.18510631733023,12.98815246685737,12.861316846310256,12.750161566487936,12.627732528895308,12.536030351010755,12.442140648635192,12.366498280216478,12.300944481358368,12.273662446584094,12.217993443333626,12.178099974366516,12.136396377727179,12.102993501101068,12.074111538815234,12.054061980010136,12.029599521895566,12.001402421880018,11.993812918380163,11.979644841149788,11.969325879423298,11.965781857188704,11.950379907668328,11.939220990402967,11.928699109605171,11.926805011214656,11.912653948387472,11.895774869976734,11.887094308692639,11.882178922937616,11.87651157269275,11.87206107607613,11.867528123872361,11.862279122640675,11.858898745665217,11.857593119552293,11.863316072628916,11.854907905161221,11.845470347361173,11.8429078674006,11.842761458178105,11.847596856613336,11.855074454796036,11.85456860846568,11.853708978421041,11.85942087557613,11.858597334170216,11.863266342706051,11.866295783060423,11.867742927055287,11.86442719188647,11.87004356065341,11.874870873493883,11.87961492886875,11.884846898627208,11.88461408745181,11.901552001443738,11.900402872579784,11.900851336552115,11.895709590208801,11.897090364815861,11.888467198490838,11.894227952041323,11.890667176305524,11.886514469700359,11.885294580491047,11.884347053729265,11.881668316101733,11.876954041921783,11.876896144881801,11.876662980520946,11.864529067816632,11.8658414529266,11.874515653408713,11.873960111561354,11.867404222370226,11.871975611074868,11.868541489924,11.864470423439354,11.863142975091193,11.863480231493185,11.863836034493213,11.86922455118115,11.866261675244836,11.86416303353485,11.857873915492279,11.860131503562103,11.861164872513877,11.861491458483115,11.859354688571944,11.861534888637909,11.869670036215178,11.868714029907977]}},"fold_2":{"validation_0":{"rmse":[15.690955443205112,15.127438924502375,14.665084784398845,14.285642283169812,13.977633682532435,13.68807322235729,13.449369399889218,13.246254831490557,13.076356650957518,12.975585523936319,12.894435703908954,12.79045790259767,12.683184759000504,12.60594855076458,12.549682303455528,12.490648962224375,12.47228123646927,12.429777535184673,12.393474751463373,12.361915233856877,12.335088061817885,12.315587414951688,12.291282420825674,12.266710754027574,12.256268774280246,12.237899808192397,12.24027528562275,12.221793241319169,12.214888542547856,12.217661316585094,12.204562246098948,12.199961437119748,12.190285301432393,12.184064699132769,12.186540724932348,12.180983947467581,12.166802855456176,12.158279300319503,12.154653771903646,12.154943997090752,12.15856016971221,12.169711511621019,12.170245998608824,12.169732075021287,12.176297909035357,12.173215205312525,12.171107117269347,12.165650625300122,12.175030173576047,12.189958318291792,12.202312279843055,12.20024828983607,12.194995431780468,12.199504906535163,12.204628662619399,12.198888245437189,12.201018814082703,12.203054163091656,12.212546677214634,12.21652409654532,12.217179698562932,12.218405260012332,12.207204342695123,12.20526277375095,12.208306693559866,12.217093581918633,12.217465215713496,12.219588014102941,12.220205957425147,12.215756715098363,12.213720513716131,12.204637604438355,12.208792405058707,12.217021587846698,12.216212152074448,12.218572678448453,12.215878742919488,12.214031749771799,12.217189956725269,12.218085793642626,12.221222744464274,12.2295325884916,12.235583421308862,12.245061571278345,12.245911709355134,12.252391013028612,12.25590503638491,12.260783643211703,12.269641134042246,12.271419083763169,12.272337422979469,12.274280724728591,12.269202938172599,12.274535759021338,12.277339861255378,12.271035392944457,12.268122431168559,12.270073584747673,12.268634674498356,12.27280228108151]}},"fold_3":{"validation_0":{"rmse":[15.900040655232756,15.318255976152589,14.830434931354521,14.428797680167479,14.0882200951816,13.803623579558899,13.557199885467924,13.348044191651109,13.161197339395244,13.055076034942873,12.941930500277742,12.842794460803946,12.745976160223204,12.67164350046416,12.588712052677026,12.522902843322914,12.495608541789224,12.451113378444902,12.402135910340778,12.373732664289829,12.339456027730106,12.305334090773119,12.285343409740118,12.275038681291196,12.241991134223523,12.209194709462317,12.198686087242352,12.193346180002832,12.181964948894734,12.174291239418986,12.164410993677155,12.167014570444321,12.158494598335574,12.146905596984332,12.136433462857656,12.119435696620608,12.116906000224356,12.103572007232131,12.097141355879476,12.09660327015616,12.091599315986995,12.088171966697551,12.089739271773636,12.093115706055446,12.088103773449518,12.087255012889074,12.086313806333354,12.089829726324481,12.085289150303929,12.079998554427213,12.069287594191879,12.069652854655429,12.072688861892306,12.06871041239438,12.068747980294614,12.07117054704024,12.059001417911006,12.069389768712647,12.062987898073008,12.06380892102216,12.062110138386338,12.056575669201361,12.0544440957032,12.053752096265134,12.040807274794101,12.038570070492108,12.036168836973532,12.0382228480352,12.036945171660287,12.03949082000348,12.036595221186117,12.036534171018774,12.031003455609254,12.034944072423398,12.034874783766732,12.041603856882219,12.040312249623666,12.045341474435418,12.045484100894841,12.045448132711034,12.04922885094864,12.052620060088419,12.052574058222886,12.055768634575987,12.052239431130273,12.04409217237427,12.046474533086007,12.039830251232567,12.04270185769803,12.04001772447719,12.042814819585633,12.038141171478799,12.044872566900603,12.046926648812997,12.053460639493006,12.04982849555613,12.048039443869264,12.053835570423264,12.054854283929192,12.056793635428226]}},