{"metrics":{"fold_0":16.39911170009001,"fold_1":16.584242913851675,"fold_2":16.422995961432772,"fold_3":16.700009979971636,"fold_4":16.610317166748974,"test":16.465178826298903},"training_log":{"fold_0":{"validation_0":{"rmse":[16.300568269725947,16.296828761100535,16.2936581817797,16.29325025258717,16.298319593122873,16.298504962626357,16.309302094673768,16.317078019302674,16.312494018110943,16.31910465081652,16.3238328874564,16.328916351112635,16.33392435178676,16.33651033229254,16.345806868123532,16.357559928413586,16.360895659765998,16.366631752085706,16.367244889854646,16.365238572219248,16.364953279326592,16.366515014204893,16.36864863142862,16.373792305819,16.379040840133335,16.371459786939816,16.3747586218022,16.36981396010766,16.368773507900784,16.36791539451105,16.36712061994904,16.36278852053769,16.35768396742951,16.362406252826297,16.365703000782066,16.35831572210831,16.360192399531048,16.3621480083642,16.361852471235466,16.363132180228547,16.35876425418945,16.36262128251621,16.358620128916368,16.363359629672363,16.36644542793586,16.365325001363193,16.37133904282382,16.367976039971886,16.364917550864348,16.369513305346004,16.367059052166564,16.365903571842907,16.367503753980184,16.367149902197283,16.37258991572142,16.368150304755915,16.37230544135612,16.37292746748488,16.380024102847187,16.379724664237006,16.373605218020813,16.37853682645841,16.380165545932797,16.386531264215535,16.39137646083805,16.388130961168013,16.378156709031266,16.37914295196861,16.382503202550843,16.379873151069372,16.388940148557097,16.388648683624638,16.392085041128926,16.39246788103582,16.391137436841927,16.392514555816526,16.394142308164525,16.392756053833082,16.38729380420877,16.3858776133403,16.39277151849559,16.399610794883426,16.39716027101688,16.39812595920543,16.395900748386957,16.39978880343859,16.398282286313606,16.39604140048881,16.397394268111,16.396490850231142,16.392861832329828,16.39147875843454,16.392986162496292,16.39499888447783,16.395047132108807,16.397456886062287,16.39483993836512,16.400929649957924,16.398798009653177,16.39911169842919]}},"fold_1":{"validation_0":{"rmse":[16.48052898464917,16.479791622294567,16.47561808659023,16.47814433206693,16.467949340762054,16.46121034783866,16.456952716991903,16.460213389709942,16.462687345293887,16.463358210564312,16.467446920984298,16.471537297655807,16.47151531892864,16.470568930816782,16.47113471434938,16.464306845782566,16.46525613888741,16.464416504807357,16.46558756332762,16.466021118437734,16.46731244766634,16.46427004357595,16.46427113064388,16.461741390039972,16.4600182952491,16.461919218944953,16.47134198363674,16.476797523978053,16.48012243029608,16.47835158624048,16.473764159306974,16.480421129790294,16.48107096006925,16.488043401817734,16.487928486601795,16.486207266792704,16.485624068550994,16.4886999434212,16.4868417147354,16.48525097517858,16.483930718029793,16.48264117470399,16.492159052106842,16.496756477946466,16.502768118433245,16.505926889622437,16.505709832219157,16.50666085099312,16.50851725300093,16.513048752380737,16.513818654150572,16.517246188642165,16.520955984978134,16.521966854594222,16.51828173931819,16.518673948139153,16.522943909997146,16.52612939959763,16.52015576104032,16.521787953995165,16.512082406454873,16.51382977809426,16.52187959805379,16.52476863458974,16.52150358663038,16.5230332772639,16.523565953671046,16.528738256622653,16.527923544032028,16.527401318225557,16.52818819886496,16.529844193405047,16.528986272178628,16.529607333715585,16.53297114678337,16.533039603420463,16.533020797604646,16.547821839018063,16.544208621879772,16.549323755556625,16.555347199236557,16.56982630740022,16.57790038917739,16.578480823153722,16.583255239426943,16.580721505303238,16.583243357844268,16.583037323427845,16.587278247023846,16.586820142199176,16.583929813463527,16.585821064356725,16.58703175906883,16.585446819605384,16.586221110814854,16.585222964964682,16.58097710939129,16.58354355661693,16.58540406009043,16.584242880398545]}},"fold_2":{"validation_0":{"rmse":[16.33080710128588,16.32643816938627,16.316286418899317,16.322273908211443,16.319842516577047,16.329513887073087,16.328543132583,16.32201733286908,16.322252542515503,16.314346887740378,16.305668328858214,16.30806774841709,16.308440801559613,16.296899176830344,16.295396296476433,16.293376784460072,16.29389464824631,16.2905027298843,16.289797457392815,16.287516710665706,16.283585420953134,16.289669904695707,16.28961222089327,16.29937590330048,16.29239855400772,16.292600234443544,16.29409863456014,16.295668183826958,16.30279705093588,16.308892240011424,16.314695490464764,16.316587800000924,16.31648897655552,16.319645168571583,16.31927438204766,16.317023009723037,16.318793387187398,16.32084275445112,16.32661701556323,16.325656257447804,16.327130271197007,16.325806208453987,16.32867808391382,16.3324288863609,16.336164719505817,16.336198687872717,16.34854063876383,16.35281797937728,16.35925107641306,16.35042760953698,16.34732654988988,16.346998185841397,16.34931701199321,16.347487285553154,16.346925962149303,16.34415352422445,16.345214434396766,16.351318686886,16.354773237238895,16.35218255963071,16.347282445009572,16.356377893917802,16.359479513303636,16.355560717413052,16.36414725427168,16.360949843009195,16.36583822501601,16.367393035880415,16.367438683880962,16.370871366807904,16.371278151039704,16.36896061356058,16.374767250870956,16.373078490466256,16.367881496903856,16.372047775759658,16.3728043073376,16.380254181753152,16.381013431199413,16.381857481626245,16.380589383270088,16.382018903767918,16.39396358766322,16.400887891692484,16.406372465242807,16.397535420333128,16.40354699744814,16.40770841040192,16.410648476823646,16.41098067411972,16.409971524987228,16.41158726099639,16.405884769890623,16.40900816521341,16.416823919148428,16.419630032396956,16.417001080424445,16.41655693066492,16.419760605116174,16.422995952930954]}},"fold_3":{"validation_0":{"rmse":[16.58055265725127,16.561243668489528,16.552431867899244,16.544820023709523,16.538812594985608,16.542235408957175,16.54592021493072,16.545961334660127,16.545396813766825,16.538350880608895,16.543655722275176,16.545689795485913,16.537886099928,16.539214564603355,16.539204264957522,16.53456015994913,16.533911650378418,16.530246426902888,16.533291884751662,16.53555410776837,16.544260046422135,16.54550473487617,16.54596178371731,16.547413005184804,16.55220615464514,16.56249586435525,16.557767768533616,16.56197165325697,16.558845807244836,16.563300274782357,16.55543109223451,16.55627907375779,16.557501144212303,16.55702848363436,16.563873403668318,16.56815002113426,16.57083193229855,16.571634875473276,16.57282856821817,16.5756134916337,16.571664378531608,16.574485205466587,16.57647941780375,16.58552506783199,16.591748982115764,16.598380292489395,16.606595464013065,16.60332596392085,16.60298226412194,16.605342663788015,16.6045487490094,16.61091991350307,16.614858099103206,16.609588332722037,16.614603436989256,16.621029581987113,16.625049761986627,16.623691185935066,16.625944346800058,16.630181819318995,16.637466561992703,16.6368799537516,16.63969888655301,16.64023522582348,16.645148505118648,16.645694142260737,16.646508172519155,16.646998168201726,16.653058410940105,16.65226822050969,16.652300492624686,16.64969154399388,16.650103610269028,16.65169175205883,16.651166099884378,16.65577822293561,16.655540095438685,16.65379912079001,16.658248934560458,16.664457039365246,16.660916646202896,16.66800759656734,16.675388520107603,16.671911318380705,16.675017494164756,16.67612507384756,16.676182082262287,16.677434163917045,16.686174587903103,16.682035318099626,16.68555424128149,16.6861881156246,16.691288943337533,16.693034117948134,16.700722367374823,16.69903700153407,16.693884385611938,16.695394698220944,16.69649927803058,16.70000997518112]}},