{"metrics":{"fold_0":0.16551708499235762,"fold_1":0.1556627635975723,"fold_2":0.15957745812681476,"fold_3":0.1588604305616613,"fold_4":0.16770747446743356,"test":0.15678016365059058},"training_log":{"fold_0":{"validation_0":{"rmse":[0.19641071761234455,0.1908216608917365,0.1863200034452408,0.18239928513297293,0.17930715831248986,0.17669660243766347,0.17460222252291896,0.1729757411326666,0.17168397326765514,0.17060482726339715,0.16979609525364225,0.16898489400044603,0.16841613300139505,0.16786255822206164,0.16739553115335265,0.1670502791678025,0.16680915191744275,0.16649740859070236,0.16636869774896806,0.16615548102203348,0.16603064978695722,0.16597505996009884,0.1658430010154493,0.1657994644058969,0.16574506793430654,0.16572131114448688,0.165659483433372,0.16557179189891955,0.1655021756292312,0.16551377943027223,0.1654757111900117,0.16549430397450485,0.16547500703499446,0.1654607538970066,0.1654253765313378,0.1654181736519448,0.1654162140875811,0.165409154039633,0.16540614623681227,0.16542174574363916,0.16540151808331657,0.1653555409762748,0.1653975604904807,0.16537489814577463,0.16535528394515792,0.16536859691497238,0.16537623160905743,0.1653933003061651,0.16539606943411256,0.16538203081930544,0.16536701307498342,0.165362393631235,0.16537362580359324,0.16536050611795233,0.1653725210163236,0.16538128345339714,0.1653725960299835,0.16534640810599918,0.16535117639182814,0.16535554912145686,0.16536781954794136,0.1653918028680339,0.16539055726210597,0.16541207177882705,0.16539994331149452,0.16540500708753575,0.16541999491671308,0.16541316889726093,0.16540738383140932,0.16541027537156242,0.16542461616635,0.1654192508003105,0.16538231806038706,0.16539886529424386,0.1654109923446803,0.16544298836146154,0.16546143173235045,0.165486846010377,0.1654877881582701,0.16551874784173934,0.16550946303129485,0.16550639425305094,0.16548155665554357,0.1654818515939019,0.16546993069815238,0.1654714782398849,0.16547656088981408,0.16547428070274997,0.16545934198520984,0.1654706811838889,0.165497192515113,0.16551109507724546,0.16552674630949288,0.1654966458253026,0.16548453680467942,0.16549624823313142,0.16550158214029517,0.16549339183898948,0.16550141066953955,0.16551708390832087]}},"fold_1":{"validation_0":{"rmse":[0.19757411494536384,0.191069975517169,0.1857132947980594,0.18111556726885003,0.17718559372640524,0.1739255800652344,0.17119117203191464,0.16898917598308055,0.16709806232478533,0.1656001507437917,0.16443644883716363,0.16304901376267172,0.1622426209532127,0.1612738721763861,0.16041197616216338,0.15988061481186053,0.15937868569719943,0.15890506188210926,0.15848757899068316,0.15817441622846415,0.15782593978050286,0.15763934420542142,0.15743146484903517,0.1572440147738175,0.15698225126699167,0.15689915759974182,0.15682139354405322,0.15668519100886358,0.15651166563368657,0.15641355532030518,0.1563481375808197,0.15632078726461685,0.15627414220258734,0.15616205803383118,0.15608151379972637,0.15609593023333948,0.15601651702454045,0.155961898497259,0.15590521941856353,0.15584927911764143,0.15584614091150273,0.15582723380510266,0.1557838955889014,0.1558284211040168,0.15586512764766008,0.1558788706021445,0.15588510891093257,0.15591730898456788,0.15588179227688612,0.15585046915530296,0.15585574118621925,0.15582200281920452,0.15578526092492673,0.15577873251645233,0.1557566198923028,0.1557563291587293,0.15578473210459073,0.15581310441507032,0.15582713657468064,0.1558221825951268,0.1557980034547706,0.1558062156894504,0.1558105294881511,0.15580039186174383,0.15578150320042997,0.15579012118782323,0.1557647171134413,0.15577630098998324,0.15574104736725292,0.15571756986872085,0.15572024498578127,0.15572740696125564,0.15574242117849893,0.15572858486185598,0.15571883468771766,0.15571200495083937,0.15569206991009427,0.15568313127104697,0.1557040850110282,0.1556984293766053,0.15571114746591916,0.1557002519447231,0.15572719400986837,0.1557003750220076,0.15573347358542028,0.15575134672805133,0.15575458788872198,0.1557275756141394,0.15573281904611336,0.1557124777700151,0.15572476672535424,0.15569924728420068,0.15570752343802713,0.15571035566907834,0.15572713954944162,0.15570983918678574,0.15567314758188772,0.15568723465488862,0.15567937947822247,0.1556627637910233]}},"fold_2":{"validation_0":{"rmse":[0.1964027543303216,0.19036600989165067,0.18548000479491078,0.18136662593434383,0.17790906313188443,0.17505818382269744,0.17269193886515175,0.17072733222677863,0.1691160027507683,0.16781698669332853,0.16678888036049502,0.16559872874204964,0.1648800863204815,0.1639940773992638,0.16339674007733715,0.16278649636534712,0.16237550869546166,0.16206731910708402,0.16164419684464165,0.1614117053259682,0.16110111258504847,0.1609020484138435,0.16067957336792532,0.1604912276289818,0.1603274774327366,0.1602111172754961,0.1601158824635387,0.16002182436920445,0.15995716912412372,0.1598609167176506,0.15979232314286662,0.15969788845616004,0.15967384213363278,0.1595992734233329,0.1595533870950147,0.15953046776785298,0.15951355564023414,0.15947878726276923,0.1594728575126436,0.1594365904350516,0.15941891834091987,0.1594117082094312,0.15938314093773256,0.1594081779787249,0.15940399570021735,0.15938649378872544,0.15941613185043452,0.1594109012943222,0.15940931399032834,0.15940386074184265,0.15941913767931976,0.15941562558048647,0.1594089193263096,0.15941600759686958,0.15941078599108593,0.15939173588436029,0.1593934707252687,0.15941160933487752,0.1594046032977925,0.15942008824446696,0.15943299829265423,0.15942547241036698,0.15943123870399006,0.15941246029491782,0.15941627565218647,0.15942301223602803,0.15945080063552164,0.15944681850197545,0.15944342908238338,0.15943953685413392,0.15944932970779832,0.15947364748300527,0.159466937969109,0.15946652862683994,0.1594837379952951,0.1595022893623681,0.15950252159992648,0.15950028476147404,0.15950870167518108,0.1595213553111031,0.1595493906536349,0.1595607951880637,0.1595747555601543,0.15956067078388858,0.15957093503507289,0.15957540665771167,0.15957085401906534,0.15956405815855368,0.15956740069976663,0.15954962161972708,0.15955942002928786,0.1595475928211708,0.159560691563208,0.15956438964656428,0.15956176665288174,0.15956826857244144,0.15957123207753326,0.15957457883395318,0.1595645140040521,0.1595774565591285]}},